pv_kwp,wind_kw,battery_kwh,mean_season_litres,p_target_litres,worst_season_litres,p_run_dry_at_tank,tank_needed_for_target_l
200.0,240.0,400.0,37175.474553086606,43470.848308462155,43550.758115573226,0.0,49470.848308462155
120.0,240.0,400.0,41357.4067715008,47092.669734076975,47100.72018323539,0.0,53092.669734076975
80.0,240.0,400.0,45017.419838621005,51328.43018116123,51402.44510890421,0.0,57328.43018116123
200.0,180.0,400.0,44252.44637797054,51887.720701149294,52000.210048334295,0.0,57887.720701149294
120.0,180.0,400.0,49023.794365811336,55850.75691962902,55899.395226231696,0.0,61850.75691962902
80.0,180.0,400.0,53147.132193522644,59971.08099357255,60017.67593173742,0.0,65971.08099357254
200.0,120.0,400.0,55401.389379502594,64169.4324715472,64316.86087773664,0.0,70169.4324715472
120.0,120.0,400.0,61201.62730178643,69681.55858461562,69791.23939024839,0.375,75681.55858461562
80.0,120.0,400.0,66067.49617607104,74983.75497586207,75114.74555511467,0.5,80983.75497586207
